val_mse,val_mae,lr,epoch,step
0.9273070096969604,0.676476776599884,0.001000000978820026,0,527
